,Annual_Data,Country
0,6.344340785305021,USA
1,7.6779104614254665,Germany
2,4.626096996508625,China
3,9.121407796223867,UK
4,21.990156037548793,India
5,-7.352788423181094,Rusia
