,Annual_Data,Country
0,841.9126208374352,USA
1,929.5986374918699,Germany
2,808.9551530067372,China
3,988.8454972331014,UK
4,1018.5822874768348,India
5,497.02407833463064,Rusia
