,Annual_Data,Country
0,7.4832890765036115,USA
1,8.535084751675322,Germany
2,5.728653707002698,China
3,9.668244454519499,UK
4,22.846837821411604,India
5,-5.9493774143289,Rusia
