,Annual_Data,Country
0,859.0009354875868,USA
1,949.684789712075,Germany
2,817.8299024484577,China
3,1005.9598574392043,UK
4,1018.8612169586559,India
5,520.4752874712846,Rusia
